Workbook

Sheet Sheet1
A1: 学号，姓名 | B1: 姓名 | C1: 性别 | D1: 平时成绩 | E1: 考试成绩 | F1: 学号 | G1: 学号长度 | H1: 取学号前四位 | I1: 取学号后三位 | J1: 取学号中间三位
A2: 1609106003,蔡雨阳 | B2: 蔡雨阳 | C2: 男 | D2: 81 | E2: 82 | F2: =LEFT(A2,10) -> 1609106003 | G2: =LEN(F2) -> 10 | H2: =LEFT(F2,4) -> 1609 | I2: =RIGHT(F2,3) -> 003 | J2: =MID(F2,5,3) -> 106 | L2: 1、Sheet1用不同方法获取学生对应学号数据等计算
A3: 1609106004,姚德宇 | B3: 姚德宇 | C3: 男 | D3: 83 | E3: 86 | F3: =LEFT(A3,10) -> 1609106004 | G3: =LEN(F3) -> 10 | H3: =LEFT(F3,4) -> 1609 | I3: =RIGHT(F3,3) -> 004 | J3: =MID(F3,5,3) -> 106 | L3: 2、完成表sheet2相关计算
A4: 1609106005,方印 | B4: 方印 | C4: 女 | D4: 85 | E4: 94 | F4: =LEFT(A4,10) -> 1609106005 | G4: =LEN(F4) -> 10 | H4: =LEFT(F4,4) -> 1609 | I4: =RIGHT(F4,3) -> 005 | J4: =MID(F4,5,3) -> 106 | L4: 3、sheet3数据透视表相关练习统计
A5: 1609106006,鲁茜 | B5: 鲁茜 | C5: 男 | D5: 82 | E5: 82 | F5: =LEFT(A5,10) -> 1609106006 | G5: =LEN(F5) -> 10 | H5: =LEFT(F5,4) -> 1609 | I5: =RIGHT(F5,3) -> 006 | J5: =MID(F5,5,3) -> 106
A6: 1609106007,钱辰 | B6: 钱辰 | C6: 男 | D6: 77 | E6: 90 | F6: =LEFT(A6,10) -> 1609106007 | G6: =LEN(F6) -> 10 | H6: =LEFT(F6,4) -> 1609 | I6: =RIGHT(F6,3) -> 007 | J6: =MID(F6,5,3) -> 106
A7: 1609106008,赵永涛 | B7: 赵永涛 | C7: 女 | D7: 83 | E7: 79 | F7: =LEFT(A7,10) -> 1609106008 | G7: =LEN(F7) -> 10 | H7: =LEFT(F7,4) -> 1609 | I7: =RIGHT(F7,3) -> 008 | J7: =MID(F7,5,3) -> 106
A8: 1609106009,沈雪滨 | B8: 沈雪滨 | C8: 男 | D8: 86 | E8: 87 | F8: =LEFT(A8,10) -> 1609106009 | G8: =LEN(F8) -> 10 | H8: =LEFT(F8,4) -> 1609 | I8: =RIGHT(F8,3) -> 009 | J8: =MID(F8,5,3) -> 106
A9: 1609106010,周小倩 | B9: 周小倩 | C9: 男 | D9: 86 | E9: 96 | F9: =LEFT(A9,10) -> 1609106010 | G9: =LEN(F9) -> 10 | H9: =LEFT(F9,4) -> 1609 | I9: =RIGHT(F9,3) -> 010 | J9: =MID(F9,5,3) -> 106
A10: 1609106011,张崇金 | B10: 张崇金 | C10: 女 | D10: 83 | E10: 89 | F10: =LEFT(A10,10) -> 1609106011 | G10: =LEN(F10) -> 10 | H10: =LEFT(F10,4) -> 1609 | I10: =RIGHT(F10,3) -> 011 | J10: =MID(F10,5,3) -> 106
A11: 1609106012,王淑浈 | B11: 王淑浈 | C11: 女 | D11: 76 | E11: 81 | F11: =LEFT(A11,10) -> 1609106012 | G11: =LEN(F11) -> 10 | H11: =LEFT(F11,4) -> 1609 | I11: =RIGHT(F11,3) -> 012 | J11: =MID(F11,5,3) -> 106
A12: 1609106013,樊文强 | B12: 樊文强 | C12: 男 | D12: 81 | E12: 70 | F12: =LEFT(A12,10) -> 1609106013 | G12: =LEN(F12) -> 10 | H12: =LEFT(F12,4) -> 1609 | I12: =RIGHT(F12,3) -> 013 | J12: =MID(F12,5,3) -> 106
A13: 1609106014,黄宏星 | B13: 黄宏星 | C13: 女 | D13: 82 | E13: 92 | F13: =LEFT(A13,10) -> 1609106014 | G13: =LEN(F13) -> 10 | H13: =LEFT(F13,4) -> 1609 | I13: =RIGHT(F13,3) -> 014 | J13: =MID(F13,5,3) -> 106
A14: 1609106015,夏婷婷 | B14: 夏婷婷 | C14: 男 | D14: 80 | E14: 76 | F14: =LEFT(A14,10) -> 1609106015 | G14: =LEN(F14) -> 10 | H14: =LEFT(F14,4) -> 1609 | I14: =RIGHT(F14,3) -> 015 | J14: =MID(F14,5,3) -> 106
A15: 1609106016,谢昊龙 | B15: 谢昊龙 | C15: 男 | D15: 79 | E15: 84 | F15: =LEFT(A15,10) -> 1609106016 | G15: =LEN(F15) -> 10 | H15: =LEFT(F15,4) -> 1609 | I15: =RIGHT(F15,3) -> 016 | J15: =MID(F15,5,3) -> 106
A16: 1609106017,周永清 | B16: 周永清 | C16: 女 | D16: 79 | E16: 80 | F16: =LEFT(A16,10) -> 1609106017 | G16: =LEN(F16) -> 10 | H16: =LEFT(F16,4) -> 1609 | I16: =RIGHT(F16,3) -> 017 | J16: =MID(F16,5,3) -> 106
... A32: 1609106033,XXX | B32: XXX | C32: 男 | D32: 45 | E32: 45 | F32: =LEFT(A32,10) -> 1609106033 | G32: =LEN(F32) -> 10 | H32: =LEFT(F32,4) -> 1609 | I32: =RIGHT(F32,3) -> 033 | J32: =MID(F32,5,3) -> 106

Sheet sheet2
A1: 学号 | B1: 姓名 | C1: 性别 | D1: 平时成绩 | E1: 考试成绩 | F1: 最终成绩 | G1: 成绩（四舍五入） | H1: 成绩分级 | I1: 成绩排名 | J1: 重复成绩个数 | K1: 是否及格
A2: =VLOOKUP(B2,Sheet1!B:F,5,FALSE) -> 1609106033 | B2: XXX | C2: 男 | D2: 45 | E2: 46 | F2: =(D2+E2)/2 -> 45.5 | G2: =ROUND(F2,0) -> 46 | H2: =IF(F2>90,"A",IF(F2>80,"B",IF(F2>70,"C",IF(F2>60,"D","E")))) -> E | I2: =RANK(F2,F:F,0) -> 31 | J2: =COUNTIF(F:F,F2) -> 1 | K2: =IF(F2>60,"是","否") -> 否 | N2: 最高成绩 | O2: =MAX(F2:F32) -> 91
A3: =VLOOKUP(B3,Sheet1!B:F,5,FALSE) -> 1609106003 | B3: 蔡雨阳 | C3: 男 | D3: 81 | E3: 82 | F3: =(D3+E3)/2 -> 81.5 | G3: =ROUND(F3,0) -> 82 | H3: =IF(F3>90,"A",IF(F3>80,"B",IF(F3>70,"C",IF(F3>60,"D","E")))) -> B | I3: =RANK(F3,F:F,0) -> 18 | J3: =COUNTIF(F:F,F3) -> 3 | K3: =IF(F3>60,"是","否") -> 是 | N3: 平均成绩 | O3: =AVERAGE(F2:F32) -> 81.306452
A4: =VLOOKUP(B4,Sheet1!B:F,5,FALSE) -> 1609106025 | B4: 曹枝军 | C4: 男 | D4: 85 | E4: 84 | F4: =(D4+E4)/2 -> 84.5 | G4: =ROUND(F4,0) -> 85 | H4: =IF(F4>90,"A",IF(F4>80,"B",IF(F4>70,"C",IF(F4>60,"D","E")))) -> B | I4: =RANK(F4,F:F,0) -> 8 | J4: =COUNTIF(F:F,F4) -> 3 | K4: =IF(F4>60,"是","否") -> 是
A5: =VLOOKUP(B5,Sheet1!B:F,5,FALSE) -> 1609106026 | B5: 曾昊 | C5: 男 | D5: 82 | E5: 87 | F5: =(D5+E5)/2 -> 84.5 | G5: =ROUND(F5,0) -> 85 | H5: =IF(F5>90,"A",IF(F5>80,"B",IF(F5>70,"C",IF(F5>60,"D","E")))) -> B | I5: =RANK(F5,F:F,0) -> 8 | J5: =COUNTIF(F:F,F5) -> 3 | K5: =IF(F5>60,"是","否") -> 是
A6: =VLOOKUP(B6,Sheet1!B:F,5,FALSE) -> 1609106018 | B6: 陈涛 | C6: 男 | D6: 80 | E6: 76 | F6: =(D6+E6)/2 -> 78 | G6: =ROUND(F6,0) -> 78 | H6: =IF(F6>90,"A",IF(F6>80,"B",IF(F6>70,"C",IF(F6>60,"D","E")))) -> C | I6: =RANK(F6,F:F,0) -> 27 | J6: =COUNTIF(F:F,F6) -> 3 | K6: =IF(F6>60,"是","否") -> 是
A7: =VLOOKUP(B7,Sheet1!B:F,5,FALSE) -> 1609106013 | B7: 樊文强 | C7: 男 | D7: 81 | E7: 70 | F7: =(D7+E7)/2 -> 75.5 | G7: =ROUND(F7,0) -> 76 | H7: =IF(F7>90,"A",IF(F7>80,"B",IF(F7>70,"C",IF(F7>60,"D","E")))) -> C | I7: =RANK(F7,F:F,0) -> 30 | J7: =COUNTIF(F:F,F7) -> 1 | K7: =IF(F7>60,"是","否") -> 是
A8: =VLOOKUP(B8,Sheet1!B:F,5,FALSE) -> 1609106005 | B8: 方印 | C8: 女 | D8: 85 | E8: 94 | F8: =(D8+E8)/2 -> 89.5 | G8: =ROUND(F8,0) -> 90 | H8: =IF(F8>90,"A",IF(F8>80,"B",IF(F8>70,"C",IF(F8>60,"D","E")))) -> B | I8: =RANK(F8,F:F,0) -> 2 | J8: =COUNTIF(F:F,F8) -> 1 | K8: =IF(F8>60,"是","否") -> 是
A9: =VLOOKUP(B9,Sheet1!B:F,5,FALSE) -> 1609106028 | B9: 贺佩文 | C9: 男 | D9: 80 | E9: 76 | F9: =(D9+E9)/2 -> 78 | G9: =ROUND(F9,0) -> 78 | H9: =IF(F9>90,"A",IF(F9>80,"B",IF(F9>70,"C",IF(F9>60,"D","E")))) -> C | I9: =RANK(F9,F:F,0) -> 27 | J9: =COUNTIF(F:F,F9) -> 3 | K9: =IF(F9>60,"是","否") -> 是
A10: =VLOOKUP(B10,Sheet1!B:F,5,FALSE) -> 1609106014 | B10: 黄宏星 | C10: 女 | D10: 82 | E10: 92 | F10: =(D10+E10)/2 -> 87 | G10: =ROUND(F10,0) -> 87 | H10: =IF(F10>90,"A",IF(F10>80,"B",IF(F10>70,"C",IF(F10>60,"D","E")))) -> B | I10: =RANK(F10,F:F,0) -> 3 | J10: =COUNTIF(F:F,F10) -> 1 | K10: =IF(F10>60,"是","否") -> 是
A11: =VLOOKUP(B11,Sheet1!B:F,5,FALSE) -> 1609106032 | B11: 黄立文 | C11: 男 | D11: 85 | E11: 86 | F11: =(D11+E11)/2 -> 85.5 | G11: =ROUND(F11,0) -> 86 | H11: =IF(F11>90,"A",IF(F11>80,"B",IF(F11>70,"C",IF(F11>60,"D","E")))) -> B | I11: =RANK(F11,F:F,0) -> 6 | J11: =COUNTIF(F:F,F11) -> 2 | K11: =IF(F11>60,"是","否") -> 是
A12: =VLOOKUP(B12,Sheet1!B:F,5,FALSE) -> 1609106029 | B12: 黄招 | C12: 男 | D12: 85 | E12: 79 | F12: =(D12+E12)/2 -> 82 | G12: =ROUND(F12,0) -> 82 | H12: =IF(F12>90,"A",IF(F12>80,"B",IF(F12>70,"C",IF(F12>60,"D","E")))) -> B | I12: =RANK(F12,F:F,0) -> 15 | J12: =COUNTIF(F:F,F12) -> 3 | K12: =IF(F12>60,"是","否") -> 是
A13: =VLOOKUP(B13,Sheet1!B:F,5,FALSE) -> 1609106027 | B13: 孔繁辉 | C13: 男 | D13: 79 | E13: 80 | F13: =(D13+E13)/2 -> 79.5 | G13: =ROUND(F13,0) -> 80 | H13: =IF(F13>90,"A",IF(F13>80,"B",IF(F13>70,"C",IF(F13>60,"D","E")))) -> C | I13: =RANK(F13,F:F,0) -> 24 | J13: =COUNTIF(F:F,F13) -> 2 | K13: =IF(F13>60,"是","否") -> 是
A14: =VLOOKUP(B14,Sheet1!B:F,5,FALSE) -> 1609106019 | B14: 李钰颖 | C14: 男 | D14: 85 | E14: 79 | F14: =(D14+E14)/2 -> 82 | G14: =ROUND(F14,0) -> 82 | H14: =IF(F14>90,"A",IF(F14>80,"B",IF(F14>70,"C",IF(F14>60,"D","E")))) -> B | I14: =RANK(F14,F:F,0) -> 15 | J14: =COUNTIF(F:F,F14) -> 3 | K14: =IF(F14>60,"是","否") -> 是
A15: =VLOOKUP(B15,Sheet1!B:F,5,FALSE) -> 1609106006 | B15: 鲁茜 | C15: 男 | D15: 82 | E15: 82 | F15: =(D15+E15)/2 -> 82 | G15: =ROUND(F15,0) -> 82 | H15: =IF(F15>90,"A",IF(F15>80,"B",IF(F15>70,"C",IF(F15>60,"D","E")))) -> B | I15: =RANK(F15,F:F,0) -> 15 | J15: =COUNTIF(F:F,F15) -> 3 | K15: =IF(F15>60,"是","否") -> 是
... A32: =VLOOKUP(B32,Sheet1!B:F,5,FALSE) -> 1609106031 | B32: 邹颖俊 | C32: 男 | D32: 82 | E32: 79 | F32: =(D32+E32)/2 -> 80.5 | G32: =ROUND(F32,0) -> 81 | H32: =IF(F32>90,"A",IF(F32>80,"B",IF(F32>70,"C",IF(F32>60,"D","E")))) -> B | I32: =RANK(F32,F:F,0) -> 22 | J32: =COUNTIF(F:F,F32) -> 2 | K32: =IF(F32>60,"是","否") -> 是

Sheet Sheet3
A1: 学号 | B1: 姓名 | C1: 性别 | D1: 上课表现 | E1: 实验操作 | H1: 状态 | I1: 叶县 | J1: 10.1 | K1: 11.1 | L1: 12.1 | M1: 13.1 | N1: 14.1 | O1: 15.1 | P1: 16.1
A2: 1609106001 | B2: 蔡雨阳 | C2: 男 | D2: 89 | E2: 74 | H2: 替换前 | I2: 无线话务量 | J2: 2242.84 | K2: 2366.72 | L2: 2334.58 | M2: 2284.29 | N2: 2366.51 | O2: 2302.28 | P2: 2361.32
A3: 1609106024 | B3: 曹枝军 | C3: 男 | D3: 80 | E3: 76 | I3: 平均值 | J3: 2322.65 | K3: 2322.65 | L3: 2322.65 | M3: 2322.65 | N3: 2322.65 | O3: 2322.65 | P3: 2322.65
A4: 1609106022 | B4: 曾昊 | C4: 男 | D4: 80 | E4: 85 | H4: 状态 | I4: 叶县 | J4: 5.26 | K4: 5.27 | L4: 5.28 | M4: 5.29 | N4: 5.3 | O4: 5.31 | P4: 6.01
A5: 1609106015 | B5: 陈涛 | C5: 女 | D5: 82 | E5: 92 | H5: 替换后 | I5: 无线话务量 | J5: 2300.31 | K5: 2400.07 | L5: 2407.6 | M5: 2362.51 | N5: 2389.81 | O5: 2509.76 | P5: 2457.1
A6: 1609106014 | B6: 樊文强 | C6: 女 | D6: 83 | E6: 79 | I6: 平均值 | J6: 2403.88 | K6: 2403.88 | L6: 2403.88 | M6: 2403.88 | N6: 2403.88 | O6: 2403.88 | P6: 2403.88
A7: 1609106002 | B7: 方印 | C7: 男 | D7: 86 | E7: 96
A8: 1609106026 | B8: 贺佩文 | C8: 男 | D8: 79 | E8: 84
A9: 1609106010 | B9: 黄宏星 | C9: 女 | D9: 83 | E9: 89
A10: 1609106030 | B10: 黄立文 | C10: 女 | D10: 76 | E10: 81
A11: 1609106027 | B11: 黄招 | C11: 女 | D11: 79 | E11: 80
A12: 1609106025 | B12: 孔繁辉 | C12: 男 | D12: 80 | E12: 76
A13: 1609106018 | B13: 李钰颖 | C13: 女 | D13: 82 | E13: 79
A14: 1609106004 | B14: 鲁茜 | C14: 女 | D14: 85 | E14: 94
A15: 1609106020 | B15: 欧阳宇杰 | C15: 男 | D15: 81 | E15: 82
A16: 1609106008 | B16: 钱辰 | C16: 男 | D16: 85 | E16: 79
A17: 1609106007 | B17: 沈雪滨 | C17: 男 | D17: 85 | E17: 84
A18: 1609106019 | B18: 童伟 | C18: 男 | D18: 82 | E18: 79
... A31: 1609106029 | B31: 邹颖俊 | C31: 男 | D31: 77 | E31: 90
A69: =SUM(D17:D31) -> 1238
